969;[{"Symptom":"normal","Scenario":" init initialize invoke.350 request.608 invoke.608","LoopIndex":-1,"MemoryUsage":1.63779136E8,"TotalTime":0.006162,"NumberOfStates":8},{"Symptom":"normal","Scenario":" init initialize invoke.350 request.608 invoke.608","LoopIndex":-1,"MemoryUsage":1.63616016E8,"TotalTime":0.0060151,"NumberOfStates":10},{"Symptom":"normal","Scenario":" init initialize invoke.350 request.608 invoke.608","LoopIndex":-1,"MemoryUsage":1.075779E8,"TotalTime":0.0057234,"NumberOfStates":10},{"Symptom":"normal","Scenario":" init initialize invoke.350 request.608 invoke.608","LoopIndex":-1,"MemoryUsage":5.1404904E7,"TotalTime":0.0049187,"NumberOfStates":8},{"Symptom":"normal","LoopIndex":-1,"MemoryUsage":7.945993E7,"TotalTime":0.0053449,"NumberOfStates":6},{"Symptom":"normal","Scenario":" init initialize invoke.350 request.608 invoke.608","LoopIndex":-1,"MemoryUsage":321400.0,"TotalTime":0.1965917,"NumberOfStates":9},{"Symptom":"normal","Scenario":" init initialize invoke.350 request.608 invoke.608","LoopIndex":-1,"MemoryUsage":3.750168E7,"TotalTime":0.5598755,"NumberOfStates":9},{"Symptom":"normal","Scenario":" init initialize invoke.350 request.608 invoke.608","LoopIndex":-1,"MemoryUsage":6.5458224E7,"TotalTime":0.4159788,"NumberOfStates":10}]
985;[{"Symptom":"normal","LoopIndex":-1,"MemoryUsage":7.0156664E7,"TotalTime":0.0629823,"NumberOfStates":10},{"Symptom":"normal","Scenario":" init initialize invoke.589 request.314 invoke.314 request.759 invoke.759","LoopIndex":-1,"MemoryUsage":4.210164E7,"TotalTime":0.0079444,"NumberOfStates":13},{"Symptom":"normal","Scenario":" init initialize invoke.589 request.314 invoke.314 request.759 invoke.759","LoopIndex":-1,"MemoryUsage":9.827311E7,"TotalTime":0.0087085,"NumberOfStates":14},{"Symptom":"normal","Scenario":" init initialize invoke.589 request.314 invoke.314 request.759 invoke.759","LoopIndex":-1,"MemoryUsage":3.319656E7,"TotalTime":0.0046747,"NumberOfStates":12},{"Symptom":"normal","Scenario":" init initialize invoke.589 request.314 invoke.314 request.759 invoke.759","LoopIndex":-1,"MemoryUsage":9.832297E7,"TotalTime":0.6112263,"NumberOfStates":14},{"Symptom":"normal","Scenario":" init initialize invoke.589 request.314 invoke.314 request.759 invoke.759","LoopIndex":-1,"MemoryUsage":4897896.0,"TotalTime":0.3257305,"NumberOfStates":13},{"Symptom":"normal","LoopIndex":-1,"MemoryUsage":3.7488024E7,"TotalTime":0.0419659,"NumberOfStates":8},{"Symptom":"normal","Scenario":" init initialize invoke.589 request.314 invoke.314 request.759 invoke.759","LoopIndex":-1,"MemoryUsage":7.008455E7,"TotalTime":0.27126,"NumberOfStates":13}]
966;[{"Symptom":"normal","Scenario":" init initialize invoke.332 invoke.430 invoke.439 invoke.302","LoopIndex":-1,"MemoryUsage":6.5652184E7,"TotalTime":0.0824694,"NumberOfStates":24},{"Symptom":"normal","Scenario":" init initialize invoke.332 invoke.430 invoke.439 invoke.302","LoopIndex":-1,"MemoryUsage":3.2826128E7,"TotalTime":0.0042383,"NumberOfStates":24},{"Symptom":"normal","Scenario":" init initialize invoke.332 invoke.430 invoke.439 invoke.302","LoopIndex":-1,"MemoryUsage":9.85929E7,"TotalTime":0.4381096,"NumberOfStates":23},{"Symptom":"normal","Scenario":" init initialize invoke.332 invoke.430 invoke.439 invoke.302","LoopIndex":-1,"MemoryUsage":8.929118E7,"TotalTime":0.2086552,"NumberOfStates":24},{"Symptom":"normal","Scenario":" init initialize invoke.332 invoke.430 invoke.439 invoke.302","LoopIndex":-1,"MemoryUsage":9.339256E7,"TotalTime":0.3019416,"NumberOfStates":24}]
1397;[{"Symptom":"normal","LoopIndex":-1,"MemoryUsage":3.2804104E7,"TotalTime":0.0017093,"NumberOfStates":27},{"Symptom":"normal","Scenario":" init initialize invoke.879 request.744 invoke.744 request.245 invoke.245 invoke.694","LoopIndex":-1,"MemoryUsage":3.2809744E7,"TotalTime":0.0036479,"NumberOfStates":25},{"Symptom":"normal","Scenario":" init initialize invoke.879 request.744 invoke.744 request.245 invoke.245 invoke.694","LoopIndex":-1,"MemoryUsage":9.834587E7,"TotalTime":0.4323787,"NumberOfStates":19},{"Symptom":"normal","LoopIndex":-1,"MemoryUsage":6.117553E7,"TotalTime":0.2591758,"NumberOfStates":21},{"Symptom":"normal","Scenario":" init initialize invoke.879 request.744 invoke.744 request.245 invoke.245 invoke.694","LoopIndex":-1,"MemoryUsage":6.113457E7,"TotalTime":0.2589067,"NumberOfStates":19},{"Symptom":"normal","Scenario":" init initialize invoke.879 request.744 invoke.744 request.245 invoke.245 invoke.694","LoopIndex":-1,"MemoryUsage":3.764331E7,"TotalTime":0.0909569,"NumberOfStates":26},{"Symptom":"normal","Scenario":" init initialize invoke.879 request.744 invoke.744 request.245 invoke.245 invoke.694","LoopIndex":-1,"MemoryUsage":4.213377E7,"TotalTime":0.1784796,"NumberOfStates":25},{"Symptom":"normal","Scenario":" init initialize invoke.879 request.744 invoke.744 request.245 invoke.245 invoke.694","LoopIndex":-1,"MemoryUsage":2.82594E7,"TotalTime":0.1683208,"NumberOfStates":26},{"Symptom":"normal","Scenario":" init initialize invoke.879 request.744 invoke.744 request.245 invoke.245 invoke.694","LoopIndex":-1,"MemoryUsage":3.758348E7,"TotalTime":0.0209563,"NumberOfStates":25}]
1447;[{"Symptom":"normal","Scenario":" init initialize invoke.953 request.831 invoke.831","LoopIndex":-1,"MemoryUsage":3.277508E7,"TotalTime":0.0033763,"NumberOfStates":8},{"Symptom":"normal","Scenario":" init initialize invoke.953 request.831 invoke.831","LoopIndex":-1,"MemoryUsage":3.2776976E7,"TotalTime":0.0021052,"NumberOfStates":8},{"Symptom":"normal","LoopIndex":-1,"MemoryUsage":3.2641768E7,"TotalTime":0.0790376,"NumberOfStates":6},{"Symptom":"normal","Scenario":" init initialize invoke.953 request.831 invoke.831","LoopIndex":-1,"MemoryUsage":4900592.0,"TotalTime":0.8336674,"NumberOfStates":10},{"Symptom":"normal","Scenario":" init initialize invoke.953 request.831 invoke.831","LoopIndex":-1,"MemoryUsage":-3.2407768E7,"TotalTime":0.3110357,"NumberOfStates":10},{"Symptom":"normal","Scenario":" init initialize invoke.953 request.831 invoke.831","LoopIndex":-1,"MemoryUsage":6.548956E7,"TotalTime":0.2101622,"NumberOfStates":9},{"Symptom":"normal","Scenario":" init initialize invoke.953 request.831 invoke.831","LoopIndex":-1,"MemoryUsage":3.2768832E7,"TotalTime":0.0417029,"NumberOfStates":10},{"Symptom":"normal","Scenario":" init initialize invoke.953 request.831 invoke.831","LoopIndex":-1,"MemoryUsage":3.28358E7,"TotalTime":0.051528,"NumberOfStates":9}]
2478;[{"Symptom":"normal","LoopIndex":-1,"MemoryUsage":2.799295E8,"TotalTime":0.6132249,"NumberOfStates":3531},{"Symptom":"normal","LoopIndex":-1,"MemoryUsage":2.96501984E8,"TotalTime":0.518132,"NumberOfStates":3531},{"Symptom":"normal","LoopIndex":-1,"MemoryUsage":2.267229E8,"TotalTime":0.129513,"NumberOfStates":3531},{"Symptom":"normal","LoopIndex":-1,"MemoryUsage":2.27707744E8,"TotalTime":0.2920352,"NumberOfStates":3531},{"Symptom":"normal","LoopIndex":-1,"MemoryUsage":6.92635E7,"TotalTime":0.3701696,"NumberOfStates":3531},{"Symptom":"livelock","Scenario":" init initialize invoke.980 request.744 invoke.744 invoke.302 request.744 invoke.744 invoke.350 request.744 invoke.744 invoke.953 request.744 invoke.744 invoke.879 request.744 invoke.744","LoopIndex":-1,"MemoryUsage":3.438261E7,"TotalTime":0.0034904,"NumberOfStates":94},{"Symptom":"livelock","Scenario":" init initialize invoke.980 request.744 invoke.744 invoke.302 request.744 invoke.744 invoke.350 request.744 invoke.744 invoke.953 request.744 invoke.744 invoke.879 request.744 invoke.744","LoopIndex":-1,"MemoryUsage":6.7080016E7,"TotalTime":0.2863517,"NumberOfStates":94},{"Symptom":"livelock","Scenario":" init initialize invoke.980 request.744 invoke.744 invoke.302 request.744 invoke.744 invoke.350 request.744 invoke.744 invoke.953 request.744 invoke.744 invoke.879 request.744 invoke.744","LoopIndex":-1,"MemoryUsage":3.7758784E7,"TotalTime":0.1566907,"NumberOfStates":94},{"Symptom":"livelock","Scenario":" init initialize invoke.980 request.744 invoke.744 invoke.302 request.744 invoke.744 invoke.350 request.744 invoke.744 invoke.953 request.744 invoke.744 invoke.879 request.744 invoke.744","LoopIndex":-1,"MemoryUsage":6.665621E7,"TotalTime":0.8158258,"NumberOfStates":93},{"Symptom":"livelock","Scenario":" init initialize invoke.980 request.744 invoke.744 invoke.302 request.744 invoke.744 invoke.350 request.744 invoke.744 invoke.953 request.744 invoke.744 invoke.879 request.744 invoke.744","LoopIndex":-1,"MemoryUsage":3.3358608E7,"TotalTime":0.0029618,"NumberOfStates":94},{"Symptom":"livelock","Scenario":" init initialize invoke.980 request.744 invoke.744 invoke.302 request.744 invoke.744 invoke.350 request.744 invoke.744 invoke.953 request.744 invoke.744 invoke.879 request.744 invoke.744","LoopIndex":-1,"MemoryUsage":606680.0,"TotalTime":0.5779908,"NumberOfStates":94},{"Symptom":"livelock","Scenario":" init initialize invoke.980 request.744 invoke.744 invoke.302 request.744 invoke.744 invoke.350 request.744 invoke.744 invoke.953 request.744 invoke.744 invoke.879 request.744 invoke.744","LoopIndex":-1,"MemoryUsage":3.3226912E7,"TotalTime":1.2033406,"NumberOfStates":89}]
1522;[{"Symptom":"normal","LoopIndex":-1,"MemoryUsage":3.2836904E7,"TotalTime":0.0025977,"NumberOfStates":33},{"Symptom":"normal","Scenario":" init initialize invoke.332 request.417 invoke.417 invoke.430 request.350 invoke.350","LoopIndex":-1,"MemoryUsage":8.917116E7,"TotalTime":0.0029498,"NumberOfStates":17},{"Symptom":"normal","Scenario":" init initialize invoke.332 request.417 invoke.417 invoke.430 request.350 invoke.350","LoopIndex":-1,"MemoryUsage":4.211081E7,"TotalTime":0.0843313,"NumberOfStates":21},{"Symptom":"normal","LoopIndex":-1,"MemoryUsage":7.031329E7,"TotalTime":0.084879,"NumberOfStates":33},{"Symptom":"normal","Scenario":" init initialize invoke.332 request.417 invoke.417 invoke.430 request.350 invoke.350","LoopIndex":-1,"MemoryUsage":4798064.0,"TotalTime":0.0387216,"NumberOfStates":21},{"Symptom":"normal","Scenario":" init initialize invoke.430 request.350 invoke.332 request.417 invoke.417 invoke.350","LoopIndex":-1,"MemoryUsage":3.776867E7,"TotalTime":0.1473423,"NumberOfStates":40},{"Symptom":"normal","Scenario":" init initialize invoke.332 request.417 invoke.417 invoke.430 request.350 invoke.350","LoopIndex":-1,"MemoryUsage":6.554757E7,"TotalTime":0.0364498,"NumberOfStates":22},{"Symptom":"normal","Scenario":" init initialize invoke.332 request.417 invoke.417 invoke.430 request.350 invoke.350","LoopIndex":-1,"MemoryUsage":133720.0,"TotalTime":0.3905568,"NumberOfStates":22},{"Symptom":"normal","Scenario":" init initialize invoke.332 request.417 invoke.417 invoke.430 request.350 invoke.350","LoopIndex":-1,"MemoryUsage":3.7528624E7,"TotalTime":0.5188449,"NumberOfStates":21}]
2650;[{"Symptom":"normal","LoopIndex":-1,"MemoryUsage":2.261887E8,"TotalTime":0.5918275,"NumberOfStates":3531},{"Symptom":"normal","LoopIndex":-1,"MemoryUsage":2.539128E8,"TotalTime":0.7009022,"NumberOfStates":3531},{"Symptom":"normal","LoopIndex":-1,"MemoryUsage":2.56974224E8,"TotalTime":0.6386095,"NumberOfStates":3531},{"Symptom":"normal","LoopIndex":-1,"MemoryUsage":1.33942816E8,"TotalTime":0.1514008,"NumberOfStates":3531},{"Symptom":"normal","LoopIndex":-1,"MemoryUsage":7.629526E7,"TotalTime":0.1327337,"NumberOfStates":3531},{"Symptom":"livelock","Scenario":" init initialize invoke.980 request.744 invoke.744 invoke.302 request.744 invoke.744 invoke.350 request.744 invoke.744 invoke.953 request.744 invoke.744 invoke.879 request.744 invoke.744","LoopIndex":-1,"MemoryUsage":3.363447E7,"TotalTime":0.0046754,"NumberOfStates":94},{"Symptom":"livelock","Scenario":" init initialize invoke.980 request.744 invoke.744 invoke.302 request.744 invoke.744 invoke.350 request.744 invoke.744 invoke.953 request.744 invoke.744 invoke.879 request.744 invoke.744","LoopIndex":-1,"MemoryUsage":6.690061E7,"TotalTime":0.9793123,"NumberOfStates":94},{"Symptom":"livelock","Scenario":" init initialize invoke.980 request.744 invoke.744 invoke.302 request.744 invoke.744 invoke.350 request.744 invoke.744 invoke.953 request.744 invoke.744 invoke.879 request.744 invoke.744","LoopIndex":-1,"MemoryUsage":3.843463E7,"TotalTime":0.5054093,"NumberOfStates":94},{"Symptom":"livelock","Scenario":" init initialize invoke.980 request.744 invoke.744 invoke.302 request.744 invoke.744 invoke.350 request.744 invoke.744 invoke.953 request.744 invoke.744 invoke.879 request.744 invoke.744","LoopIndex":-1,"MemoryUsage":6.6397504E7,"TotalTime":0.7185927,"NumberOfStates":94},{"Symptom":"livelock","Scenario":" init initialize invoke.980 request.744 invoke.744 invoke.302 request.744 invoke.744 invoke.350 request.744 invoke.744 invoke.953 request.744 invoke.744 invoke.879 request.744 invoke.744","LoopIndex":-1,"MemoryUsage":4956768.0,"TotalTime":0.5321866,"NumberOfStates":94},{"Symptom":"livelock","Scenario":" init initialize invoke.980 request.744 invoke.744 invoke.302 request.744 invoke.744 invoke.350 request.744 invoke.744 invoke.953 request.744 invoke.744 invoke.879 request.744 invoke.744","LoopIndex":-1,"MemoryUsage":7.1074056E7,"TotalTime":0.2272182,"NumberOfStates":89},{"Symptom":"livelock","Scenario":" init initialize invoke.980 request.744 invoke.744 invoke.302 request.744 invoke.744 invoke.350 request.744 invoke.744 invoke.953 request.744 invoke.744 invoke.879 request.744 invoke.744","LoopIndex":-1,"MemoryUsage":7.104993E7,"TotalTime":0.2839919,"NumberOfStates":93}]
1437;[{"Symptom":"normal","LoopIndex":-1,"MemoryUsage":6.086477E7,"TotalTime":0.0022033,"NumberOfStates":15},{"Symptom":"normal","Scenario":" init initialize invoke.879 request.125 invoke.125 request.245 invoke.245","LoopIndex":-1,"MemoryUsage":3.7444104E7,"TotalTime":0.023928,"NumberOfStates":15},{"Symptom":"normal","Scenario":" init initialize invoke.879 request.125 invoke.125 request.245 invoke.245","LoopIndex":-1,"MemoryUsage":3.2785168E7,"TotalTime":0.0040352,"NumberOfStates":15},{"Symptom":"normal","Scenario":" init initialize invoke.879 request.125 invoke.125 request.245 invoke.245","LoopIndex":-1,"MemoryUsage":1.312155E8,"TotalTime":0.4116773,"NumberOfStates":16},{"Symptom":"normal","Scenario":" init initialize invoke.879 request.744 invoke.744 request.245 invoke.245","LoopIndex":-1,"MemoryUsage":-3.2317432E7,"TotalTime":0.3546896,"NumberOfStates":15},{"Symptom":"normal","Scenario":" init initialize invoke.879 request.125 invoke.125 request.245 invoke.245","LoopIndex":-1,"MemoryUsage":7.040702E7,"TotalTime":0.1323827,"NumberOfStates":15},{"Symptom":"normal","Scenario":" init initialize invoke.879 request.125 invoke.125 request.245 invoke.245","LoopIndex":-1,"MemoryUsage":4.22318E7,"TotalTime":0.1319307,"NumberOfStates":15},{"Symptom":"normal","Scenario":" init initialize invoke.879 request.125 invoke.125 request.245 invoke.245","LoopIndex":-1,"MemoryUsage":1.07599712E8,"TotalTime":0.648644,"NumberOfStates":15}]
1919;[{"Symptom":"normal","Scenario":" init initialize invoke.589 request.314 invoke.314","LoopIndex":-1,"MemoryUsage":3.281624E7,"TotalTime":0.0040825,"NumberOfStates":8},{"Symptom":"normal","Scenario":" init initialize invoke.589 request.314 invoke.314","LoopIndex":-1,"MemoryUsage":3.2817904E7,"TotalTime":0.0028573,"NumberOfStates":8},{"Symptom":"normal","Scenario":" init initialize invoke.589 request.314 invoke.314","LoopIndex":-1,"MemoryUsage":3.2817936E7,"TotalTime":0.0031765,"NumberOfStates":10},{"Symptom":"normal","LoopIndex":-1,"MemoryUsage":3.2730408E7,"TotalTime":0.0021037,"NumberOfStates":6},{"Symptom":"normal","Scenario":" init initialize invoke.589 request.314 invoke.314","LoopIndex":-1,"MemoryUsage":3.3070672E7,"TotalTime":0.2395757,"NumberOfStates":9},{"Symptom":"normal","Scenario":" init initialize invoke.589 request.314 invoke.314","LoopIndex":-1,"MemoryUsage":6.078963E7,"TotalTime":0.0826191,"NumberOfStates":10},{"Symptom":"normal","Scenario":" init initialize invoke.589 request.314 invoke.314","LoopIndex":-1,"MemoryUsage":3.2869088E7,"TotalTime":0.2824234,"NumberOfStates":8},{"Symptom":"normal","Scenario":" init initialize invoke.589 request.314 invoke.314","LoopIndex":-1,"MemoryUsage":4999032.0,"TotalTime":0.1150658,"NumberOfStates":10},{"Symptom":"normal","Scenario":" init initialize invoke.589 request.314 invoke.314","LoopIndex":-1,"MemoryUsage":3.7553824E7,"TotalTime":0.1617687,"NumberOfStates":9},{"Symptom":"normal","Scenario":" init initialize invoke.589 request.314 invoke.314","LoopIndex":-1,"MemoryUsage":3.2928872E7,"TotalTime":0.3045136,"NumberOfStates":10}]
1933;[{"Symptom":"normal","LoopIndex":-1,"MemoryUsage":2.36370784E8,"TotalTime":0.6288596,"NumberOfStates":3531},{"Symptom":"normal","LoopIndex":-1,"MemoryUsage":1.61180176E8,"TotalTime":0.2931641,"NumberOfStates":3531},{"Symptom":"normal","LoopIndex":-1,"MemoryUsage":1.54888944E8,"TotalTime":0.257786,"NumberOfStates":3531},{"Symptom":"normal","LoopIndex":-1,"MemoryUsage":1.56532256E8,"TotalTime":0.4157899,"NumberOfStates":3531},{"Symptom":"normal","LoopIndex":-1,"MemoryUsage":1.64072448E8,"TotalTime":0.7884645,"NumberOfStates":3531},{"Symptom":"livelock","Scenario":" init initialize invoke.980 request.744 invoke.744 invoke.302 request.744 invoke.744 invoke.350 request.744 invoke.744 invoke.953 request.744 invoke.744 invoke.879 request.744 invoke.744","LoopIndex":-1,"MemoryUsage":4.2918984E7,"TotalTime":0.3928011,"NumberOfStates":94},{"Symptom":"livelock","Scenario":" init initialize invoke.980 request.744 invoke.744 invoke.302 request.744 invoke.744 invoke.350 request.744 invoke.744 invoke.953 request.744 invoke.744 invoke.879 request.744 invoke.744","LoopIndex":-1,"MemoryUsage":6.3890584E7,"TotalTime":0.0089963,"NumberOfStates":93},{"Symptom":"livelock","Scenario":" init initialize invoke.980 request.744 invoke.744 invoke.302 request.744 invoke.744 invoke.350 request.744 invoke.744 invoke.953 request.744 invoke.744 invoke.879 request.744 invoke.744","LoopIndex":-1,"MemoryUsage":3.4653136E7,"TotalTime":0.1098321,"NumberOfStates":94},{"Symptom":"livelock","Scenario":" init initialize invoke.980 request.744 invoke.744 invoke.302 request.744 invoke.744 invoke.350 request.744 invoke.744 invoke.953 request.744 invoke.744 invoke.879 request.744 invoke.744","LoopIndex":-1,"MemoryUsage":6.662576E7,"TotalTime":0.0779567,"NumberOfStates":94},{"Symptom":"livelock","Scenario":" init initialize invoke.980 request.744 invoke.744 invoke.302 request.744 invoke.744 invoke.350 request.744 invoke.744 invoke.953 request.744 invoke.744 invoke.879 request.744 invoke.744","LoopIndex":-1,"MemoryUsage":3.3170312E7,"TotalTime":0.0914181,"NumberOfStates":89},{"Symptom":"livelock","Scenario":" init initialize invoke.980 request.744 invoke.744 invoke.302 request.744 invoke.744 invoke.350 request.744 invoke.744 invoke.953 request.744 invoke.744 invoke.879 request.744 invoke.744","LoopIndex":-1,"MemoryUsage":3.779356E7,"TotalTime":0.0904749,"NumberOfStates":94},{"Symptom":"livelock","Scenario":" init initialize invoke.980 request.744 invoke.744 invoke.302 request.744 invoke.744 invoke.350 request.744 invoke.744 invoke.953 request.744 invoke.744 invoke.879 request.744 invoke.744","LoopIndex":-1,"MemoryUsage":3.316196E7,"TotalTime":0.0462226,"NumberOfStates":94}]
840;[{"Symptom":"normal","Scenario":" init initialize invoke.744 request.332 invoke.332","LoopIndex":-1,"MemoryUsage":4.219699E7,"TotalTime":0.0049988,"NumberOfStates":12},{"Symptom":"normal","Scenario":" init initialize invoke.744 request.332 invoke.332","LoopIndex":-1,"MemoryUsage":9.845752E7,"TotalTime":0.0053735,"NumberOfStates":11},{"Symptom":"normal","Scenario":" init initialize invoke.744 request.332 invoke.332","LoopIndex":-1,"MemoryUsage":9.835361E7,"TotalTime":0.0052453,"NumberOfStates":13},{"Symptom":"normal","Scenario":" init initialize invoke.744 request.332 invoke.332","LoopIndex":-1,"MemoryUsage":4.6748384E7,"TotalTime":0.127464,"NumberOfStates":11},{"Symptom":"normal","Scenario":" init initialize invoke.744 request.332 invoke.332","LoopIndex":-1,"MemoryUsage":6.089495E7,"TotalTime":0.0022245,"NumberOfStates":12},{"Symptom":"normal","Scenario":" init initialize invoke.744 request.332 invoke.332","LoopIndex":-1,"MemoryUsage":3.7435976E7,"TotalTime":0.002221,"NumberOfStates":12},{"Symptom":"normal","Scenario":" init initialize invoke.744 request.332 invoke.332","LoopIndex":-1,"MemoryUsage":6.1034264E7,"TotalTime":0.0581526,"NumberOfStates":11},{"Symptom":"normal","Scenario":" init initialize invoke.744 request.245 invoke.245 request.430 invoke.430","LoopIndex":-1,"MemoryUsage":3.755076E7,"TotalTime":0.125244,"NumberOfStates":14}]
1877;[{"Symptom":"deadloop","Scenario":" init initialize invoke.879 request.744 invoke.744 request.245 invoke.245 request.430 invoke.430 request.350 invoke.350 request.744 invoke.744","LoopIndex":5,"MemoryUsage":3.29572E7,"TotalTime":0.0047128,"NumberOfStates":22},{"Symptom":"normal","LoopIndex":-1,"MemoryUsage":3.2795992E7,"TotalTime":0.0384646,"NumberOfStates":17},{"Symptom":"normal","LoopIndex":-1,"MemoryUsage":6.095035E7,"TotalTime":0.0457583,"NumberOfStates":19},{"Symptom":"normal","LoopIndex":-1,"MemoryUsage":3.744971E7,"TotalTime":0.115182,"NumberOfStates":15},{"Symptom":"normal","LoopIndex":-1,"MemoryUsage":3.289308E7,"TotalTime":0.003334,"NumberOfStates":23},{"Symptom":"normal","LoopIndex":-1,"MemoryUsage":9.861578E7,"TotalTime":0.3367184,"NumberOfStates":22},{"Symptom":"normal","LoopIndex":-1,"MemoryUsage":3.2894144E7,"TotalTime":0.0023163,"NumberOfStates":23},{"Symptom":"normal","LoopIndex":-1,"MemoryUsage":3.2787752E7,"TotalTime":0.0022284,"NumberOfStates":13},{"Symptom":"deadloop","Scenario":" init initialize invoke.879 request.744 invoke.744 request.245 invoke.245 request.430 invoke.430 request.350 invoke.350 request.744 invoke.744","LoopIndex":5,"MemoryUsage":6.550689E7,"TotalTime":0.1651948,"NumberOfStates":24},{"Symptom":"normal","LoopIndex":-1,"MemoryUsage":3.2894248E7,"TotalTime":0.002352,"NumberOfStates":23},{"Symptom":"deadloop","Scenario":" init initialize invoke.879 request.744 invoke.744 request.245 invoke.245 request.430 invoke.430 request.350 invoke.350 request.744 invoke.744","LoopIndex":5,"MemoryUsage":3.295868E7,"TotalTime":0.0671373,"NumberOfStates":24},{"Symptom":"deadloop","Scenario":" init initialize invoke.879 request.744 invoke.744 request.245 invoke.245 request.430 invoke.430 request.350 invoke.350 request.744 invoke.744","LoopIndex":5,"MemoryUsage":3.317024E7,"TotalTime":0.024655,"NumberOfStates":23}]
2738;[{"Symptom":"deadloop","Scenario":" init initialize invoke.879 request.125 invoke.125 request.245 invoke.245 request.430 invoke.430 request.350 invoke.350 request.744 invoke.744 request.245 invoke.245 request.430 invoke.430 request.350 invoke.350 request.744 invoke.744 request.332 invoke.332 request.417 invoke.417 request.831 invoke.831 request.245 invoke.245 request.430 invoke.430 request.953 invoke.953 request.831 invoke.831 request.245 invoke.245 request.430 invoke.430 request.953 invoke.953 request.744 invoke.744 request.245 invoke.245","LoopIndex":7,"MemoryUsage":6.628271E7,"TotalTime":0.0107424,"NumberOfStates":50},{"Symptom":"deadloop","Scenario":" init initialize invoke.879 request.125 invoke.125 request.245 invoke.245 request.430 invoke.430 request.350 invoke.350 request.744 invoke.744 request.245 invoke.245 request.430 invoke.430 request.953 invoke.953 request.831 invoke.831 request.245 invoke.245 request.430 invoke.430 request.953 invoke.953 request.744 invoke.744 request.245 invoke.245","LoopIndex":7,"MemoryUsage":1.02872192E8,"TotalTime":0.1854125,"NumberOfStates":45},{"Symptom":"normal","LoopIndex":-1,"MemoryUsage":9.678011E7,"TotalTime":0.0604262,"NumberOfStates":41},{"Symptom":"deadloop","Scenario":" init initialize invoke.879 request.744 invoke.744 request.245 invoke.245 request.430 invoke.430 request.350 invoke.350 request.744 invoke.744 request.245 invoke.245 request.430 invoke.430 request.953 invoke.953 request.831 invoke.831 request.245 invoke.245 request.430 invoke.430 request.953 invoke.953 request.744 invoke.744 request.332 invoke.332 request.417 invoke.417 request.831 invoke.831 request.245 invoke.245 request.430 invoke.430 request.953 invoke.953 request.744 invoke.744","LoopIndex":5,"MemoryUsage":9.651035E7,"TotalTime":0.3603315,"NumberOfStates":47},{"Symptom":"deadloop","Scenario":" init initialize invoke.879 request.125 invoke.125 request.245 invoke.245 request.430 invoke.430 request.350 invoke.350 request.744 invoke.744 request.245 invoke.245 request.430 invoke.430 request.350 invoke.350 request.744 invoke.744 request.332 invoke.332 request.417 invoke.417 request.831 invoke.831 request.245 invoke.245","LoopIndex":7,"MemoryUsage":6.6998384E7,"TotalTime":0.0597694,"NumberOfStates":46},{"Symptom":"deadloop","Scenario":" init initialize invoke.879 request.125 invoke.125 request.245 invoke.245 request.430 invoke.430 request.350 invoke.350 request.744 invoke.744 request.245 invoke.245 request.430 invoke.430 request.953 invoke.953 request.744 invoke.744 request.245 invoke.245","LoopIndex":7,"MemoryUsage":7.352009E7,"TotalTime":0.1581719,"NumberOfStates":46},{"Symptom":"deadloop","Scenario":" init initialize invoke.879 request.125 invoke.125 request.245 invoke.245 request.430 invoke.430 request.953 invoke.953 request.831 invoke.831 request.245 invoke.245 request.430 invoke.430 request.953 invoke.953 request.744 invoke.744 request.245 invoke.245 request.430 invoke.430 request.953 invoke.953 request.744 invoke.744 request.332 invoke.332 request.417 invoke.417 request.831 invoke.831 request.245 invoke.245","LoopIndex":7,"MemoryUsage":4968928.0,"TotalTime":0.2642435,"NumberOfStates":47},{"Symptom":"deadloop","Scenario":" init initialize invoke.879 request.125 invoke.125 request.245 invoke.245 request.430 invoke.430 request.350 invoke.350 request.744 invoke.744 request.245 invoke.245 request.430 invoke.430 request.953 invoke.953 request.831 invoke.831 request.245 invoke.245 request.430 invoke.430 request.953 invoke.953 request.744 invoke.744 request.245 invoke.245","LoopIndex":7,"MemoryUsage":3.450563E7,"TotalTime":0.0086595,"NumberOfStates":49},{"Symptom":"normal","LoopIndex":-1,"MemoryUsage":6.2806776E7,"TotalTime":0.0309131,"NumberOfStates":37},{"Symptom":"deadloop","Scenario":" init initialize invoke.879 request.125 invoke.125 request.245 invoke.245 request.430 invoke.430 request.350 invoke.350 request.744 invoke.744 request.245 invoke.245 request.430 invoke.430 request.953 invoke.953 request.831 invoke.831 request.245 invoke.245 request.430 invoke.430 request.953 invoke.953 request.744 invoke.744 request.245 invoke.245","LoopIndex":7,"MemoryUsage":9.6012696E7,"TotalTime":0.0897726,"NumberOfStates":47},{"Symptom":"deadloop","Scenario":" init initialize invoke.879 request.125 invoke.125 request.245 invoke.245 request.430 invoke.430 request.350 invoke.350 request.744 invoke.744 request.245 invoke.245 request.430 invoke.430 request.350 invoke.350 request.744 invoke.744 request.332 invoke.332 request.417 invoke.417 request.831 invoke.831 request.245 invoke.245 request.430 invoke.430 request.953 invoke.953 request.831 invoke.831 request.245 invoke.245 request.430 invoke.430 request.953 invoke.953 request.744 invoke.744 request.245 invoke.245","LoopIndex":7,"MemoryUsage":1.02281072E8,"TotalTime":0.2116361,"NumberOfStates":50},{"Symptom":"normal","LoopIndex":-1,"MemoryUsage":9.6084296E7,"TotalTime":0.1429034,"NumberOfStates":51},{"Symptom":"deadloop","Scenario":" init initialize invoke.879 request.125 invoke.125 request.245 invoke.245 request.430 invoke.430 request.953 invoke.953 request.831 invoke.831 request.245 invoke.245","LoopIndex":7,"MemoryUsage":6.261595E7,"TotalTime":0.1040038,"NumberOfStates":40},{"Symptom":"deadloop","Scenario":" init initialize invoke.879 request.125 invoke.125 request.245 invoke.245 request.430 invoke.430 request.350 invoke.350 request.744 invoke.744 request.245 invoke.245 request.430 invoke.430 request.350 invoke.350 request.744 invoke.744 request.332 invoke.332 request.417 invoke.417 request.831 invoke.831 request.245 invoke.245 request.430 invoke.430 request.953 invoke.953 request.831 invoke.831 request.245 invoke.245 request.430 invoke.430 request.953 invoke.953 request.744 invoke.744 request.245 invoke.245","LoopIndex":7,"MemoryUsage":3.446453E7,"TotalTime":0.0054028,"NumberOfStates":49},{"Symptom":"deadloop","Scenario":" init initialize invoke.879 request.125 invoke.125 request.245 invoke.245 request.430 invoke.430 request.350 invoke.350 request.744 invoke.744 request.245 invoke.245 request.430 invoke.430 request.953 invoke.953 request.744 invoke.744 request.245 invoke.245","LoopIndex":7,"MemoryUsage":3.3133184E7,"TotalTime":0.150386,"NumberOfStates":48},{"Symptom":"deadloop","Scenario":" init initialize invoke.879 request.125 invoke.125 request.245 invoke.245 request.430 invoke.430 request.350 invoke.350 request.744 invoke.744 request.245 invoke.245 request.430 invoke.430 request.953 invoke.953 request.831 invoke.831 request.245 invoke.245 request.430 invoke.430 request.953 invoke.953 request.744 invoke.744 request.245 invoke.245","LoopIndex":7,"MemoryUsage":3.6264464E7,"TotalTime":0.0059487,"NumberOfStates":49},{"Symptom":"normal","LoopIndex":-1,"MemoryUsage":6.617601E7,"TotalTime":0.1075803,"NumberOfStates":49},{"Symptom":"deadloop","Scenario":" init initialize invoke.879 request.125 invoke.125 request.245 invoke.245 request.430 invoke.430 request.953 invoke.953 request.831 invoke.831 request.245 invoke.245","LoopIndex":7,"MemoryUsage":3.450725E7,"TotalTime":0.9368107,"NumberOfStates":47},{"Symptom":"deadloop","Scenario":" init initialize invoke.879 request.125 invoke.125 request.245 invoke.245 request.430 invoke.430 request.350 invoke.350 request.744 invoke.744 request.245 invoke.245 request.430 invoke.430 request.350 invoke.350 request.744 invoke.744 request.332 invoke.332 request.417 invoke.417 request.831 invoke.831 request.245 invoke.245 request.430 invoke.430 request.953 invoke.953 request.831 invoke.831 request.245 invoke.245 request.430 invoke.430 request.953 invoke.953 request.744 invoke.744 request.245 invoke.245","LoopIndex":7,"MemoryUsage":1.03581976E8,"TotalTime":0.4734178,"NumberOfStates":50},{"Symptom":"deadloop","Scenario":" init initialize invoke.879 request.125 invoke.125 request.245 invoke.245 request.430 invoke.430 request.350 invoke.350 request.744 invoke.744 request.245 invoke.245 request.430 invoke.430 request.350 invoke.350 request.744 invoke.744 request.332 invoke.332 request.417 invoke.417 request.831 invoke.831 request.245 invoke.245","LoopIndex":7,"MemoryUsage":-2718160.0,"TotalTime":0.2185774,"NumberOfStates":49},{"Symptom":"deadloop","Scenario":" init initialize invoke.879 request.125 invoke.125 request.245 invoke.245 request.430 invoke.430 request.350 invoke.350 request.744 invoke.744 request.245 invoke.245 request.430 invoke.430 request.350 invoke.350 request.744 invoke.744 request.332 invoke.332 request.417 invoke.417 request.831 invoke.831 request.245 invoke.245 request.430 invoke.430 request.953 invoke.953 request.831 invoke.831 request.245 invoke.245 request.430 invoke.430 request.953 invoke.953 request.744 invoke.744 request.245 invoke.245","LoopIndex":7,"MemoryUsage":1.35121568E8,"TotalTime":0.9055815,"NumberOfStates":49},{"Symptom":"deadloop","Scenario":" init initialize invoke.879 request.125 invoke.125 request.245 invoke.245 request.430 invoke.430 request.953 invoke.953 request.831 invoke.831 request.245 invoke.245 request.430 invoke.430 request.953 invoke.953 request.744 invoke.744 request.245 invoke.245 request.430 invoke.430 request.953 invoke.953 request.744 invoke.744 request.332 invoke.332 request.417 invoke.417 request.831 invoke.831 request.245 invoke.245","LoopIndex":7,"MemoryUsage":9.590514E7,"TotalTime":0.286887,"NumberOfStates":47}]
3343;[{"Symptom":"deadloop","Scenario":" init initialize invoke.879 request.125 invoke.125 request.245 invoke.245 request.430 invoke.430 request.350 invoke.350 request.744 invoke.744 request.245 invoke.245 request.430 invoke.430 request.953 invoke.953 request.831 invoke.831 request.980 invoke.980 request.744 invoke.744 request.245 invoke.245 request.430 invoke.430 request.953 invoke.953 request.831 invoke.831 request.245 invoke.245 request.430 invoke.430 request.953 invoke.953 request.744 invoke.744 request.245 invoke.245","LoopIndex":7,"MemoryUsage":6.6719464E7,"TotalTime":0.005579,"NumberOfStates":51},{"Symptom":"deadloop","Scenario":" init initialize invoke.879 request.744 invoke.744 request.332 invoke.332 request.417 invoke.417 request.831 invoke.831 request.980 invoke.980 request.744 invoke.744","LoopIndex":5,"MemoryUsage":6.9587816E7,"TotalTime":0.0125404,"NumberOfStates":47},{"Symptom":"deadloop","Scenario":" init initialize invoke.879 request.125 invoke.125 request.245 invoke.245 request.430 invoke.430 request.350 invoke.350 request.744 invoke.744 request.245 invoke.245 request.430 invoke.430 request.953 invoke.953 request.744 invoke.744 request.245 invoke.245","LoopIndex":7,"MemoryUsage":4.508999E7,"TotalTime":0.0049236,"NumberOfStates":49},{"Symptom":"deadloop","Scenario":" init initialize invoke.879 request.744 invoke.744 request.245 invoke.245 request.430 invoke.430 request.350 invoke.350 request.744 invoke.744 request.245 invoke.245 request.430 invoke.430 request.953 invoke.953 request.831 invoke.831 request.980 invoke.980 request.744 invoke.744 request.245 invoke.245 request.430 invoke.430 request.953 invoke.953 request.831 invoke.831 request.245 invoke.245 request.430 invoke.430 request.953 invoke.953 request.744 invoke.744 request.332 invoke.332 request.417 invoke.417 request.831 invoke.831 request.980 invoke.980 request.744 invoke.744","LoopIndex":5,"MemoryUsage":1.3693568E8,"TotalTime":0.0624827,"NumberOfStates":53},{"Symptom":"deadloop","Scenario":" init initialize invoke.879 request.125 invoke.125 request.245 invoke.245 request.430 invoke.430 request.350 invoke.350 request.744 invoke.744 request.245 invoke.245 request.430 invoke.430 request.350 invoke.350 request.744 invoke.744 request.332 invoke.332 request.417 invoke.417 request.831 invoke.831 request.980 invoke.980 request.744 invoke.744 request.332 invoke.332 request.417 invoke.417 request.831 invoke.831 request.245 invoke.245 request.430 invoke.430 request.953 invoke.953 request.831 invoke.831 request.245 invoke.245 request.430 invoke.430 request.953 invoke.953 request.744 invoke.744 request.245 invoke.245","LoopIndex":7,"MemoryUsage":1.36821E8,"TotalTime":0.0624149,"NumberOfStates":56},{"Symptom":"deadloop","Scenario":" init initialize invoke.879 request.125 invoke.125 request.245 invoke.245 request.430 invoke.430 request.350 invoke.350 request.744 invoke.744 request.245 invoke.245 request.430 invoke.430 request.350 invoke.350 request.744 invoke.744 request.332 invoke.332 request.417 invoke.417 request.831 invoke.831 request.980 invoke.980 request.744 invoke.744 request.332 invoke.332 request.417 invoke.417 request.831 invoke.831 request.245 invoke.245 request.430 invoke.430 request.953 invoke.953 request.831 invoke.831 request.245 invoke.245 request.430 invoke.430 request.953 invoke.953 request.744 invoke.744 request.245 invoke.245","LoopIndex":7,"MemoryUsage":3579896.0,"TotalTime":0.2110559,"NumberOfStates":56},{"Symptom":"deadloop","Scenario":" init initialize invoke.879 request.125 invoke.125 request.245 invoke.245 request.430 invoke.430 request.953 invoke.953 request.831 invoke.831 request.980 invoke.980 request.744 invoke.744 request.245 invoke.245 request.430 invoke.430 request.953 invoke.953 request.831 invoke.831 request.980 invoke.980 request.744 invoke.744 request.332 invoke.332 request.417 invoke.417 request.831 invoke.831 request.245 invoke.245 request.430 invoke.430 request.953 invoke.953 request.744 invoke.744 request.245 invoke.245","LoopIndex":7,"MemoryUsage":1.38099616E8,"TotalTime":0.4951241,"NumberOfStates":53},{"Symptom":"deadloop","Scenario":" init initialize invoke.879 request.125 invoke.125 request.245 invoke.245 request.430 invoke.430 request.350 invoke.350 request.744 invoke.744 request.245 invoke.245 request.430 invoke.430 request.350 invoke.350 request.744 invoke.744 request.332 invoke.332 request.417 invoke.417 request.831 invoke.831 request.980 invoke.980 request.744 invoke.744 request.332 invoke.332 request.417 invoke.417 request.831 invoke.831 request.245 invoke.245","LoopIndex":7,"MemoryUsage":-3.5221536E7,"TotalTime":0.2806946,"NumberOfStates":52},{"Symptom":"deadloop","Scenario":" init initialize invoke.879 request.125 invoke.125 request.245 invoke.245 request.430 invoke.430 request.350 invoke.350 request.744 invoke.744 request.245 invoke.245 request.430 invoke.430 request.953 invoke.953 request.831 invoke.831 request.980 invoke.980 request.744 invoke.744 request.245 invoke.245 request.430 invoke.430 request.953 invoke.953 request.831 invoke.831 request.245 invoke.245 request.430 invoke.430 request.953 invoke.953 request.744 invoke.744 request.245 invoke.245","LoopIndex":7,"MemoryUsage":1.319318E8,"TotalTime":0.4055492,"NumberOfStates":53},{"Symptom":"deadloop","Scenario":" init initialize invoke.879 request.125 invoke.125 request.245 invoke.245 request.430 invoke.430 request.350 invoke.350 request.744 invoke.744 request.245 invoke.245 request.430 invoke.430 request.350 invoke.350 request.744 invoke.744 request.332 invoke.332 request.417 invoke.417 request.831 invoke.831 request.245 invoke.245 request.430 invoke.430 request.953 invoke.953 request.831 invoke.831 request.245 invoke.245 request.430 invoke.430 request.953 invoke.953 request.744 invoke.744 request.245 invoke.245","LoopIndex":7,"MemoryUsage":1.305827E8,"TotalTime":0.404421,"NumberOfStates":53},{"Symptom":"deadloop","Scenario":" init initialize invoke.879 request.125 invoke.125 request.245 invoke.245 request.430 invoke.430 request.953 invoke.953 request.744 invoke.744 request.332 invoke.332 request.417 invoke.417 request.831 invoke.831 request.980 invoke.980 request.744 invoke.744","LoopIndex":13,"MemoryUsage":5218512.0,"TotalTime":0.3850992,"NumberOfStates":53},{"Symptom":"deadloop","Scenario":" init initialize invoke.879 request.744 invoke.744 request.332 invoke.332 request.417 invoke.417 request.831 invoke.831 request.980 invoke.980 request.744 invoke.744","LoopIndex":5,"MemoryUsage":3.578344E7,"TotalTime":0.009092,"NumberOfStates":43},{"Symptom":"deadloop","Scenario":" init initialize invoke.879 request.125 invoke.125 request.245 invoke.245 request.430 invoke.430 request.953 invoke.953 request.831 invoke.831 request.245 invoke.245","LoopIndex":7,"MemoryUsage":-2.7587736E7,"TotalTime":0.2020807,"NumberOfStates":45},{"Symptom":"deadloop","Scenario":" init initialize invoke.879 request.125 invoke.125 request.245 invoke.245 request.430 invoke.430 request.350 invoke.350 request.744 invoke.744 request.245 invoke.245 request.430 invoke.430 request.953 invoke.953 request.831 invoke.831 request.980 invoke.980 request.744 invoke.744 request.245 invoke.245 request.430 invoke.430 request.953 invoke.953 request.831 invoke.831 request.245 invoke.245 request.430 invoke.430 request.953 invoke.953 request.744 invoke.744 request.245 invoke.245","LoopIndex":7,"MemoryUsage":3.777964E7,"TotalTime":0.0725465,"NumberOfStates":53},{"Symptom":"deadloop","Scenario":" init initialize invoke.879 request.125 invoke.125 request.245 invoke.245 request.430 invoke.430 request.350 invoke.350 request.744 invoke.744 request.245 invoke.245 request.430 invoke.430 request.350 invoke.350 request.744 invoke.744 request.332 invoke.332 request.417 invoke.417 request.831 invoke.831 request.980 invoke.980 request.744 invoke.744 request.332 invoke.332 request.417 invoke.417 request.831 invoke.831 request.245 invoke.245 request.430 invoke.430 request.953 invoke.953 request.831 invoke.831 request.245 invoke.245 request.430 invoke.430 request.953 invoke.953 request.744 invoke.744 request.245 invoke.245","LoopIndex":7,"MemoryUsage":6.984924E7,"TotalTime":0.044813,"NumberOfStates":54},{"Symptom":"deadloop","Scenario":" init initialize invoke.879 request.125 invoke.125 request.245 invoke.245 request.430 invoke.430 request.350 invoke.350 request.744 invoke.744 request.245 invoke.245 request.430 invoke.430 request.350 invoke.350 request.744 invoke.744 request.332 invoke.332 request.417 invoke.417 request.831 invoke.831 request.980 invoke.980 request.744 invoke.744 request.332 invoke.332 request.417 invoke.417 request.831 invoke.831 request.245 invoke.245 request.430 invoke.430 request.953 invoke.953 request.831 invoke.831 request.245 invoke.245 request.430 invoke.430 request.953 invoke.953 request.744 invoke.744 request.245 invoke.245","LoopIndex":7,"MemoryUsage":3.575061E7,"TotalTime":0.0091167,"NumberOfStates":53},{"Symptom":"deadloop","Scenario":" init initialize invoke.879 request.125 invoke.125 request.245 invoke.245 request.430 invoke.430 request.350 invoke.350 request.744 invoke.744 request.245 invoke.245 request.430 invoke.430 request.350 invoke.350 request.744 invoke.744 request.332 invoke.332 request.417 invoke.417 request.831 invoke.831 request.980 invoke.980 request.744 invoke.744 request.332 invoke.332 request.417 invoke.417 request.831 invoke.831 request.245 invoke.245","LoopIndex":7,"MemoryUsage":3.579852E7,"TotalTime":0.1339381,"NumberOfStates":53},{"Symptom":"deadloop","Scenario":" init initialize invoke.879 request.125 invoke.125 request.245 invoke.245 request.430 invoke.430 request.350 invoke.350 request.744 invoke.744 request.245 invoke.245 request.430 invoke.430 request.350 invoke.350 request.744 invoke.744 request.332 invoke.332 request.417 invoke.417 request.831 invoke.831 request.980 invoke.980 request.744 invoke.744 request.332 invoke.332 request.417 invoke.417 request.831 invoke.831 request.245 invoke.245 request.430 invoke.430 request.953 invoke.953 request.831 invoke.831 request.245 invoke.245 request.430 invoke.430 request.953 invoke.953 request.744 invoke.744 request.245 invoke.245","LoopIndex":7,"MemoryUsage":3.5758864E7,"TotalTime":0.0053459,"NumberOfStates":54},{"Symptom":"deadloop","Scenario":" init initialize invoke.879 request.125 invoke.125 request.245 invoke.245 request.430 invoke.430 request.350 invoke.350 request.744 invoke.744 request.245 invoke.245 request.430 invoke.430 request.350 invoke.350 request.744 invoke.744 request.332 invoke.332 request.417 invoke.417 request.831 invoke.831 request.980 invoke.980 request.744 invoke.744 request.332 invoke.332 request.417 invoke.417 request.831 invoke.831 request.245 invoke.245 request.430 invoke.430 request.953 invoke.953 request.831 invoke.831 request.245 invoke.245 request.430 invoke.430 request.953 invoke.953 request.744 invoke.744 request.245 invoke.245","LoopIndex":7,"MemoryUsage":1242440.0,"TotalTime":0.4315888,"NumberOfStates":54},{"Symptom":"deadloop","Scenario":" init initialize invoke.879 request.125 invoke.125 request.245 invoke.245 request.430 invoke.430 request.350 invoke.350 request.744 invoke.744 request.245 invoke.245 request.430 invoke.430 request.953 invoke.953 request.831 invoke.831 request.980 invoke.980 request.744 invoke.744 request.245 invoke.245 request.430 invoke.430 request.953 invoke.953 request.831 invoke.831 request.245 invoke.245 request.430 invoke.430 request.953 invoke.953 request.744 invoke.744 request.245 invoke.245","LoopIndex":7,"MemoryUsage":3.877245E7,"TotalTime":0.1591942,"NumberOfStates":53},{"Symptom":"deadloop","Scenario":" init initialize invoke.879 request.125 invoke.125 request.245 invoke.245 request.430 invoke.430 request.350 invoke.350 request.744 invoke.744 request.245 invoke.245 request.430 invoke.430 request.350 invoke.350 request.744 invoke.744 request.332 invoke.332 request.417 invoke.417 request.831 invoke.831 request.245 invoke.245 request.430 invoke.430 request.953 invoke.953 request.831 invoke.831 request.245 invoke.245 request.430 invoke.430 request.953 invoke.953 request.744 invoke.744 request.245 invoke.245","LoopIndex":7,"MemoryUsage":4.1580584E7,"TotalTime":0.335586,"NumberOfStates":51},{"Symptom":"deadloop","Scenario":" init initialize invoke.879 request.125 invoke.125 request.245 invoke.245 request.430 invoke.430 request.350 invoke.350 request.744 invoke.744 request.245 invoke.245 request.430 invoke.430 request.953 invoke.953 request.744 invoke.744 request.245 invoke.245","LoopIndex":7,"MemoryUsage":3.6172936E7,"TotalTime":0.0082725,"NumberOfStates":50},{"Symptom":"deadloop","Scenario":" init initialize invoke.879 request.125 invoke.125 request.245 invoke.245 request.430 invoke.430 request.953 invoke.953 request.831 invoke.831 request.245 invoke.245","LoopIndex":7,"MemoryUsage":6.6965624E7,"TotalTime":1.073449,"NumberOfStates":50},{"Symptom":"deadloop","Scenario":" init initialize invoke.879 request.125 invoke.125 request.245 invoke.245 request.430 invoke.430 request.953 invoke.953 request.744 invoke.744 request.332 invoke.332 request.417 invoke.417 request.831 invoke.831 request.980 invoke.980 request.744 invoke.744","LoopIndex":13,"MemoryUsage":3.4201424E7,"TotalTime":0.9286907,"NumberOfStates":49},{"Symptom":"deadloop","Scenario":" init initialize invoke.879 request.125 invoke.125 request.245 invoke.245 request.430 invoke.430 request.953 invoke.953 request.831 invoke.831 request.980 invoke.980 request.744 invoke.744 request.245 invoke.245 request.430 invoke.430 request.953 invoke.953 request.831 invoke.831 request.980 invoke.980 request.744 invoke.744 request.332 invoke.332 request.417 invoke.417 request.831 invoke.831 request.245 invoke.245 request.430 invoke.430 request.953 invoke.953 request.744 invoke.744 request.245 invoke.245","LoopIndex":7,"MemoryUsage":3.6223136E7,"TotalTime":0.295734,"NumberOfStates":51},{"Symptom":"deadloop","Scenario":" init initialize invoke.879 request.125 invoke.125 request.245 invoke.245 request.430 invoke.430 request.350 invoke.350 request.744 invoke.744 request.245 invoke.245 request.430 invoke.430 request.350 invoke.350 request.744 invoke.744 request.332 invoke.332 request.417 invoke.417 request.831 invoke.831 request.980 invoke.980 request.744 invoke.744 request.332 invoke.332 request.417 invoke.417 request.831 invoke.831 request.245 invoke.245 request.430 invoke.430 request.953 invoke.953 request.831 invoke.831 request.245 invoke.245 request.430 invoke.430 request.953 invoke.953 request.744 invoke.744 request.245 invoke.245","LoopIndex":7,"MemoryUsage":6.668408E7,"TotalTime":0.4196917,"NumberOfStates":53}]
2729;[{"Symptom":"normal","LoopIndex":-1,"MemoryUsage":2.34943024E8,"TotalTime":1.0234464,"NumberOfStates":3005},{"Symptom":"normal","LoopIndex":-1,"MemoryUsage":1.328175E8,"TotalTime":0.1315776,"NumberOfStates":2451},{"Symptom":"normal","LoopIndex":-1,"MemoryUsage":1.82316048E8,"TotalTime":0.3238241,"NumberOfStates":3125},{"Symptom":"normal","LoopIndex":-1,"MemoryUsage":1.82419344E8,"TotalTime":0.4109425,"NumberOfStates":2081},{"Symptom":"normal","LoopIndex":-1,"MemoryUsage":2.60024E8,"TotalTime":1.2712537,"NumberOfStates":3046},{"Symptom":"livelock","Scenario":" init initialize invoke.980 request.744 invoke.744 request.245 invoke.245 invoke.417 request.831 invoke.831 request.245 invoke.245 invoke.953 request.831 invoke.831 request.245 invoke.245","LoopIndex":-1,"MemoryUsage":1.35664544E8,"TotalTime":0.3905606,"NumberOfStates":246},{"Symptom":"livelock","Scenario":" init initialize invoke.980 request.744 invoke.744 request.245 invoke.245 invoke.417 request.831 invoke.831 request.245 invoke.245 invoke.953 request.831 invoke.831 request.980 invoke.980 request.744 invoke.744 request.245 invoke.245","LoopIndex":-1,"MemoryUsage":3.3210264E7,"TotalTime":0.2789764,"NumberOfStates":45},{"Symptom":"livelock","Scenario":" init initialize invoke.980 request.744 invoke.744 request.245 invoke.245 invoke.417 request.831 invoke.831 request.245 invoke.245 invoke.953 request.831 invoke.831 request.245 invoke.245","LoopIndex":-1,"MemoryUsage":3.7820616E7,"TotalTime":0.2754461,"NumberOfStates":55},{"Symptom":"livelock","Scenario":" init initialize invoke.980 request.744 invoke.744 request.245 invoke.245 invoke.417 request.831 invoke.831 request.245 invoke.245 invoke.953 request.744 invoke.744 request.245 invoke.245","LoopIndex":-1,"MemoryUsage":855240.0,"TotalTime":0.4603021,"NumberOfStates":67},{"Symptom":"livelock","Scenario":" init initialize invoke.980 request.744 invoke.744 request.245 invoke.245 invoke.417 request.831 invoke.831 request.245 invoke.245 invoke.953 request.744 invoke.744 request.245 invoke.245","LoopIndex":-1,"MemoryUsage":3.3088272E7,"TotalTime":0.0027128,"NumberOfStates":66},{"Symptom":"livelock","Scenario":" init initialize invoke.980 request.744 invoke.744 request.245 invoke.245 invoke.417 request.831 invoke.831 request.245 invoke.245 invoke.953 request.744 invoke.744 request.245 invoke.245","LoopIndex":-1,"MemoryUsage":6.6192976E7,"TotalTime":0.0353495,"NumberOfStates":66},{"Symptom":"livelock","Scenario":" init initialize invoke.980 request.744 invoke.744 request.245 invoke.245 invoke.417 request.831 invoke.831 request.245 invoke.245 invoke.953 request.744 invoke.744 request.245 invoke.245","LoopIndex":-1,"MemoryUsage":3.3096464E7,"TotalTime":0.004495,"NumberOfStates":68},{"Symptom":"livelock","Scenario":" init initialize invoke.980 request.744 invoke.744 request.245 invoke.245 invoke.417 request.831 invoke.831 request.245 invoke.245 invoke.953 request.744 invoke.744 request.245 invoke.245","LoopIndex":-1,"MemoryUsage":3.3145616E7,"TotalTime":0.0042457,"NumberOfStates":54},{"Symptom":"livelock","Scenario":" init initialize invoke.980 request.744 invoke.744 request.245 invoke.245 invoke.417 request.831 invoke.831 request.245 invoke.245 invoke.953 request.744 invoke.744 request.245 invoke.245","LoopIndex":-1,"MemoryUsage":4947072.0,"TotalTime":0.5569215,"NumberOfStates":68},{"Symptom":"livelock","Scenario":" init initialize invoke.980 request.744 invoke.744 request.245 invoke.245 invoke.417 request.831 invoke.831 request.245 invoke.245 invoke.953 request.744 invoke.744 request.245 invoke.245","LoopIndex":-1,"MemoryUsage":7.062715E7,"TotalTime":0.4530783,"NumberOfStates":67},{"Symptom":"livelock","Scenario":" init initialize invoke.980 request.744 invoke.744 request.245 invoke.245 invoke.417 request.831 invoke.831 request.245 invoke.245 invoke.953 request.744 invoke.744 request.245 invoke.245","LoopIndex":-1,"MemoryUsage":3.3342224E7,"TotalTime":0.0034586,"NumberOfStates":65}]
2479;[{"Symptom":"normal","LoopIndex":-1,"MemoryUsage":3.3270408E7,"TotalTime":0.0052231,"NumberOfStates":29},{"Symptom":"deadloop","Scenario":" init initialize invoke.879 request.125 invoke.125 request.245 invoke.245 request.430 invoke.430 request.953 invoke.953 request.831 invoke.831 request.980 invoke.980 request.744 invoke.744 request.245 invoke.245 request.430 invoke.430 request.953 invoke.953 request.831 invoke.831 request.245 invoke.245 request.430 invoke.430 request.953 invoke.953 request.744 invoke.744 request.245 invoke.245","LoopIndex":7,"MemoryUsage":3.394843E7,"TotalTime":0.0123462,"NumberOfStates":40},{"Symptom":"deadloop","Scenario":" init initialize invoke.879 request.744 invoke.744 request.245 invoke.245 request.430 invoke.430 request.953 invoke.953 request.831 invoke.831 request.980 invoke.980 request.744 invoke.744 request.245 invoke.245 request.430 invoke.430 request.953 invoke.953 request.831 invoke.831 request.245 invoke.245 request.430 invoke.430 request.953 invoke.953 request.744 invoke.744","LoopIndex":5,"MemoryUsage":6.325533E7,"TotalTime":0.0067068,"NumberOfStates":37},{"Symptom":"deadloop","Scenario":" init initialize invoke.879 request.125 invoke.125 request.245 invoke.245 request.430 invoke.430 request.953 invoke.953 request.831 invoke.831 request.980 invoke.980 request.744 invoke.744 request.245 invoke.245 request.430 invoke.430 request.953 invoke.953 request.831 invoke.831 request.245 invoke.245 request.430 invoke.430 request.953 invoke.953 request.744 invoke.744 request.245 invoke.245","LoopIndex":7,"MemoryUsage":3.86018E7,"TotalTime":0.0804641,"NumberOfStates":40},{"Symptom":"normal","LoopIndex":-1,"MemoryUsage":9169096.0,"TotalTime":0.0806799,"NumberOfStates":31},{"Symptom":"deadloop","Scenario":" init initialize invoke.879 request.125 invoke.125 request.245 invoke.245 request.430 invoke.430 request.953 invoke.953 request.744 invoke.744 request.245 invoke.245","LoopIndex":7,"MemoryUsage":9.5765384E7,"TotalTime":0.0058046,"NumberOfStates":34},{"Symptom":"normal","LoopIndex":-1,"MemoryUsage":9.471939E7,"TotalTime":0.0041016,"NumberOfStates":26},{"Symptom":"deadloop","Scenario":" init initialize invoke.879 request.125 invoke.125 request.245 invoke.245 request.430 invoke.430 request.953 invoke.953 request.831 invoke.831 request.980 invoke.980 request.744 invoke.744 request.245 invoke.245 request.430 invoke.430 request.953 invoke.953 request.831 invoke.831 request.245 invoke.245 request.430 invoke.430 request.953 invoke.953 request.744 invoke.744 request.245 invoke.245","LoopIndex":7,"MemoryUsage":3.864015E7,"TotalTime":0.511435,"NumberOfStates":37},{"Symptom":"normal","LoopIndex":-1,"MemoryUsage":-5.873757E7,"TotalTime":0.1589883,"NumberOfStates":41},{"Symptom":"deadloop","Scenario":" init initialize invoke.879 request.125 invoke.125 request.245 invoke.245 request.430 invoke.430 request.953 invoke.953 request.831 invoke.831 request.245 invoke.245 request.430 invoke.430 request.953 invoke.953 request.744 invoke.744 request.245 invoke.245","LoopIndex":7,"MemoryUsage":9.540501E7,"TotalTime":0.2849135,"NumberOfStates":37},{"Symptom":"deadloop","Scenario":" init initialize invoke.879 request.125 invoke.125 request.245 invoke.245 request.430 invoke.430 request.953 invoke.953 request.831 invoke.831 request.980 invoke.980 request.744 invoke.744 request.245 invoke.245 request.430 invoke.430 request.953 invoke.953 request.831 invoke.831 request.245 invoke.245 request.430 invoke.430 request.953 invoke.953 request.744 invoke.744 request.245 invoke.245","LoopIndex":7,"MemoryUsage":3.3916744E7,"TotalTime":0.0616818,"NumberOfStates":36},{"Symptom":"deadloop","Scenario":" init initialize invoke.879 request.125 invoke.125 request.245 invoke.245 request.430 invoke.430 request.953 invoke.953 request.831 invoke.831 request.980 invoke.980 request.744 invoke.744 request.245 invoke.245 request.430 invoke.430 request.953 invoke.953 request.831 invoke.831 request.245 invoke.245 request.430 invoke.430 request.953 invoke.953 request.744 invoke.744 request.245 invoke.245","LoopIndex":7,"MemoryUsage":3.3915664E7,"TotalTime":0.0054148,"NumberOfStates":37},{"Symptom":"deadloop","Scenario":" init initialize invoke.879 request.125 invoke.125 request.245 invoke.245 request.430 invoke.430 request.953 invoke.953 request.831 invoke.831 request.980 invoke.980 request.744 invoke.744 request.245 invoke.245 request.430 invoke.430 request.953 invoke.953 request.831 invoke.831 request.245 invoke.245 request.430 invoke.430 request.953 invoke.953 request.744 invoke.744 request.245 invoke.245","LoopIndex":7,"MemoryUsage":6.7743496E7,"TotalTime":0.0103886,"NumberOfStates":37},{"Symptom":"deadloop","Scenario":" init initialize invoke.879 request.125 invoke.125 request.245 invoke.245 request.430 invoke.430 request.953 invoke.953 request.831 invoke.831 request.245 invoke.245 request.430 invoke.430 request.953 invoke.953 request.744 invoke.744 request.245 invoke.245","LoopIndex":7,"MemoryUsage":6.6804024E7,"TotalTime":0.5862354,"NumberOfStates":34},{"Symptom":"normal","LoopIndex":-1,"MemoryUsage":3.452073E7,"TotalTime":0.090356,"NumberOfStates":39},{"Symptom":"deadloop","Scenario":" init initialize invoke.879 request.125 invoke.125 request.245 invoke.245 request.430 invoke.430 request.953 invoke.953 request.744 invoke.744 request.245 invoke.245","LoopIndex":7,"MemoryUsage":6.660576E7,"TotalTime":0.1137657,"NumberOfStates":31},{"Symptom":"deadloop","Scenario":" init initialize invoke.879 request.125 invoke.125 request.245 invoke.245 request.430 invoke.430 request.953 invoke.953 request.831 invoke.831 request.980 invoke.980 request.744 invoke.744 request.245 invoke.245 request.430 invoke.430 request.953 invoke.953 request.831 invoke.831 request.245 invoke.245 request.430 invoke.430 request.953 invoke.953 request.744 invoke.744 request.245 invoke.245","LoopIndex":7,"MemoryUsage":2.859132E7,"TotalTime":0.3875978,"NumberOfStates":36},{"Symptom":"normal","LoopIndex":-1,"MemoryUsage":3.847075E7,"TotalTime":0.0044021,"NumberOfStates":41},{"Symptom":"deadloop","Scenario":" init initialize invoke.879 request.125 invoke.125 request.245 invoke.245 request.430 invoke.430 request.953 invoke.953 request.831 invoke.831 request.245 invoke.245","LoopIndex":7,"MemoryUsage":3.4540136E7,"TotalTime":0.1505092,"NumberOfStates":34},{"Symptom":"deadloop","Scenario":" init initialize invoke.879 request.125 invoke.125 request.245 invoke.245 request.430 invoke.430 request.953 invoke.953 request.831 invoke.831 request.245 invoke.245","LoopIndex":7,"MemoryUsage":3.401284E7,"TotalTime":0.4699051,"NumberOfStates":35}]
2904;[{"Symptom":"deadloop","Scenario":" init initialize invoke.879 request.125 invoke.125 request.245 invoke.245 request.430 invoke.430 request.953 invoke.953 request.831 invoke.831 request.980 invoke.980 request.744 invoke.744 request.245 invoke.245 request.430 invoke.430 request.953 invoke.953 request.831 invoke.831 request.245 invoke.245 request.430 invoke.430 request.953 invoke.953 request.744 invoke.744 request.245 invoke.245","LoopIndex":7,"MemoryUsage":9.522324E7,"TotalTime":0.1036439,"NumberOfStates":40},{"Symptom":"deadloop","Scenario":" init initialize invoke.879 request.125 invoke.125 request.245 invoke.245 request.430 invoke.430 request.953 invoke.953 request.831 invoke.831 request.980 invoke.980 request.744 invoke.744 request.245 invoke.245 request.430 invoke.430 request.953 invoke.953 request.831 invoke.831 request.245 invoke.245 request.430 invoke.430 request.953 invoke.953 request.744 invoke.744 request.245 invoke.245","LoopIndex":7,"MemoryUsage":3.3598096E7,"TotalTime":0.3095276,"NumberOfStates":40},{"Symptom":"normal","LoopIndex":-1,"MemoryUsage":3.327108E7,"TotalTime":0.0026302,"NumberOfStates":29},{"Symptom":"deadloop","Scenario":" init initialize invoke.879 request.744 invoke.744 request.245 invoke.245 request.430 invoke.430 request.953 invoke.953 request.831 invoke.831 request.980 invoke.980 request.744 invoke.744 request.245 invoke.245 request.430 invoke.430 request.953 invoke.953 request.831 invoke.831 request.245 invoke.245 request.430 invoke.430 request.953 invoke.953 request.744 invoke.744","LoopIndex":5,"MemoryUsage":6.306013E7,"TotalTime":0.0682665,"NumberOfStates":37},{"Symptom":"deadloop","Scenario":" init initialize invoke.879 request.125 invoke.125 request.245 invoke.245 request.430 invoke.430 request.953 invoke.953 request.831 invoke.831 request.245 invoke.245 request.430 invoke.430 request.953 invoke.953 request.744 invoke.744 request.245 invoke.245","LoopIndex":7,"MemoryUsage":3.39068E7,"TotalTime":0.008835,"NumberOfStates":37},{"Symptom":"normal","LoopIndex":-1,"MemoryUsage":-3.2613064E7,"TotalTime":0.1650059,"NumberOfStates":26},{"Symptom":"normal","LoopIndex":-1,"MemoryUsage":414640.0,"TotalTime":0.7779858,"NumberOfStates":41},{"Symptom":"normal","LoopIndex":-1,"MemoryUsage":3.3279272E7,"TotalTime":0.003109,"NumberOfStates":31},{"Symptom":"deadloop","Scenario":" init initialize invoke.879 request.125 invoke.125 request.245 invoke.245 request.430 invoke.430 request.953 invoke.953 request.744 invoke.744 request.245 invoke.245","LoopIndex":7,"MemoryUsage":3.4715896E7,"TotalTime":0.0059515,"NumberOfStates":34},{"Symptom":"deadloop","Scenario":" init initialize invoke.879 request.125 invoke.125 request.245 invoke.245 request.430 invoke.430 request.953 invoke.953 request.831 invoke.831 request.245 invoke.245","LoopIndex":7,"MemoryUsage":3.38852E7,"TotalTime":0.4163972,"NumberOfStates":35},{"Symptom":"deadloop","Scenario":" init initialize invoke.879 request.125 invoke.125 request.245 invoke.245 request.430 invoke.430 request.953 invoke.953 request.831 invoke.831 request.980 invoke.980 request.744 invoke.744 request.245 invoke.245 request.430 invoke.430 request.953 invoke.953 request.831 invoke.831 request.245 invoke.245 request.430 invoke.430 request.953 invoke.953 request.744 invoke.744 request.245 invoke.245","LoopIndex":7,"MemoryUsage":3.2883048E7,"TotalTime":0.4270973,"NumberOfStates":37},{"Symptom":"deadloop","Scenario":" init initialize invoke.879 request.125 invoke.125 request.245 invoke.245 request.430 invoke.430 request.953 invoke.953 request.831 invoke.831 request.980 invoke.980 request.744 invoke.744 request.245 invoke.245 request.430 invoke.430 request.953 invoke.953 request.831 invoke.831 request.245 invoke.245 request.430 invoke.430 request.953 invoke.953 request.744 invoke.744 request.245 invoke.245","LoopIndex":7,"MemoryUsage":4.215393E7,"TotalTime":0.2427106,"NumberOfStates":36},{"Symptom":"deadloop","Scenario":" init initialize invoke.879 request.125 invoke.125 request.245 invoke.245 request.430 invoke.430 request.953 invoke.953 request.831 invoke.831 request.245 invoke.245 request.430 invoke.430 request.953 invoke.953 request.744 invoke.744 request.245 invoke.245","LoopIndex":7,"MemoryUsage":9.806292E7,"TotalTime":0.0121259,"NumberOfStates":34},{"Symptom":"deadloop","Scenario":" init initialize invoke.879 request.125 invoke.125 request.245 invoke.245 request.430 invoke.430 request.953 invoke.953 request.744 invoke.744 request.245 invoke.245","LoopIndex":7,"MemoryUsage":7.711906E7,"TotalTime":0.5072815,"NumberOfStates":31},{"Symptom":"normal","LoopIndex":-1,"MemoryUsage":9.736099E7,"TotalTime":0.011194,"NumberOfStates":41},{"Symptom":"normal","LoopIndex":-1,"MemoryUsage":3.844667E7,"TotalTime":0.110528,"NumberOfStates":39},{"Symptom":"deadloop","Scenario":" init initialize invoke.879 request.125 invoke.125 request.245 invoke.245 request.430 invoke.430 request.953 invoke.953 request.831 invoke.831 request.245 invoke.245","LoopIndex":7,"MemoryUsage":3.3850176E7,"TotalTime":0.0631462,"NumberOfStates":34},{"Symptom":"deadloop","Scenario":" init initialize invoke.879 request.125 invoke.125 request.245 invoke.245 request.430 invoke.430 request.953 invoke.953 request.831 invoke.831 request.980 invoke.980 request.744 invoke.744 request.245 invoke.245 request.430 invoke.430 request.953 invoke.953 request.831 invoke.831 request.245 invoke.245 request.430 invoke.430 request.953 invoke.953 request.744 invoke.744 request.245 invoke.245","LoopIndex":7,"MemoryUsage":3.391563E7,"TotalTime":0.0032658,"NumberOfStates":37},{"Symptom":"deadloop","Scenario":" init initialize invoke.879 request.125 invoke.125 request.245 invoke.245 request.430 invoke.430 request.953 invoke.953 request.831 invoke.831 request.980 invoke.980 request.744 invoke.744 request.245 invoke.245 request.430 invoke.430 request.953 invoke.953 request.831 invoke.831 request.245 invoke.245 request.430 invoke.430 request.953 invoke.953 request.744 invoke.744 request.245 invoke.245","LoopIndex":7,"MemoryUsage":537200.0,"TotalTime":0.1203447,"NumberOfStates":36},{"Symptom":"deadloop","Scenario":" init initialize invoke.879 request.125 invoke.125 request.245 invoke.245 request.430 invoke.430 request.953 invoke.953 request.831 invoke.831 request.980 invoke.980 request.744 invoke.744 request.245 invoke.245 request.430 invoke.430 request.953 invoke.953 request.831 invoke.831 request.245 invoke.245 request.430 invoke.430 request.953 invoke.953 request.744 invoke.744 request.245 invoke.245","LoopIndex":7,"MemoryUsage":3.909077E7,"TotalTime":0.1717339,"NumberOfStates":37}]
1594;[{"Symptom":"normal","Scenario":" init initialize invoke.430 request.953 invoke.953 request.744 invoke.744","LoopIndex":-1,"MemoryUsage":3.2850672E7,"TotalTime":0.0047149,"NumberOfStates":18},{"Symptom":"normal","Scenario":" init initialize invoke.430 request.953 invoke.953 request.831 invoke.831","LoopIndex":-1,"MemoryUsage":3.2850752E7,"TotalTime":0.0866459,"NumberOfStates":18},{"Symptom":"normal","Scenario":" init initialize invoke.430 request.350 invoke.350 request.744 invoke.744","LoopIndex":-1,"MemoryUsage":3.2849008E7,"TotalTime":0.0103943,"NumberOfStates":17},{"Symptom":"normal","Scenario":" init initialize invoke.430 request.953 invoke.953 request.744 invoke.744","LoopIndex":-1,"MemoryUsage":6.5734176E7,"TotalTime":0.0160012,"NumberOfStates":17},{"Symptom":"normal","Scenario":" init initialize invoke.430 request.953 invoke.953 request.744 invoke.744","LoopIndex":-1,"MemoryUsage":6.555459E7,"TotalTime":0.011069,"NumberOfStates":18},{"Symptom":"normal","Scenario":" init initialize invoke.430 request.953 invoke.953 request.744 invoke.744","LoopIndex":-1,"MemoryUsage":3.288008E7,"TotalTime":0.3874883,"NumberOfStates":17},{"Symptom":"normal","Scenario":" init initialize invoke.430 request.953 invoke.953 request.744 invoke.744","LoopIndex":-1,"MemoryUsage":3.2835368E7,"TotalTime":0.065543,"NumberOfStates":17},{"Symptom":"normal","Scenario":" init initialize invoke.430 request.953 invoke.953 request.744 invoke.744","LoopIndex":-1,"MemoryUsage":3.283424E7,"TotalTime":0.0020049,"NumberOfStates":18},{"Symptom":"normal","Scenario":" init initialize invoke.430 request.953 invoke.953 request.744 invoke.744","LoopIndex":-1,"MemoryUsage":3.2803048E7,"TotalTime":0.0461809,"NumberOfStates":17},{"Symptom":"normal","Scenario":" init initialize invoke.430 request.953 invoke.953 request.744 invoke.744","LoopIndex":-1,"MemoryUsage":3.2940816E7,"TotalTime":0.0043806,"NumberOfStates":17}]
6120;[{"Symptom":"normal","LoopIndex":-1,"MemoryUsage":2.186718E8,"TotalTime":0.4777027,"NumberOfStates":6460},{"Symptom":"normal","LoopIndex":-1,"MemoryUsage":2.48047E8,"TotalTime":0.6964609,"NumberOfStates":8011},{"Symptom":"livelock","Scenario":" init initialize invoke.980 request.744 invoke.744 request.245 invoke.245 invoke.302 request.744 invoke.744 request.245 invoke.245 invoke.350 request.744 invoke.744 request.245 invoke.245 invoke.879 request.125 invoke.125 request.245 invoke.245","LoopIndex":-1,"MemoryUsage":1.807263E8,"TotalTime":0.2333367,"NumberOfStates":4514},{"Symptom":"livelock","Scenario":" init initialize invoke.980 request.744 invoke.744 request.245 invoke.245 invoke.302 request.744 invoke.744 request.245 invoke.245 invoke.350 request.744 invoke.744 request.245 invoke.245 invoke.879 request.125 invoke.125 request.245 invoke.245","LoopIndex":-1,"MemoryUsage":1.53195456E8,"TotalTime":0.2122127,"NumberOfStates":4514},{"Symptom":"livelock","Scenario":" init initialize invoke.980 request.744 invoke.744 request.245 invoke.245 invoke.302 request.744 invoke.744 request.245 invoke.245 invoke.350 request.744 invoke.744 request.245 invoke.245 invoke.879 request.744 invoke.744 request.245 invoke.245","LoopIndex":-1,"MemoryUsage":2.128438E8,"TotalTime":0.8117238,"NumberOfStates":4513},{"Symptom":"livelock","Scenario":" init initialize invoke.980 request.744 invoke.744 request.245 invoke.245 invoke.302 request.744 invoke.744 request.245 invoke.245 invoke.350 request.744 invoke.744 request.245 invoke.245 invoke.879 request.744 invoke.744 request.245 invoke.245","LoopIndex":-1,"MemoryUsage":9.868636E7,"TotalTime":0.6375177,"NumberOfStates":653},{"Symptom":"normal","LoopIndex":-1,"MemoryUsage":4.06346624E8,"TotalTime":0.8262511,"NumberOfStates":8011},{"Symptom":"normal","LoopIndex":-1,"MemoryUsage":3.57304032E8,"TotalTime":0.4069206,"NumberOfStates":8011},{"Symptom":"normal","LoopIndex":-1,"MemoryUsage":3.32545728E8,"TotalTime":0.4102098,"NumberOfStates":6460},{"Symptom":"livelock","Scenario":" init initialize invoke.980 request.744 invoke.744 request.245 invoke.245 invoke.302 request.744 invoke.744 request.245 invoke.245 invoke.350 request.744 invoke.744 request.245 invoke.245 invoke.879 request.744 invoke.744 request.245 invoke.245","LoopIndex":-1,"MemoryUsage":1.01255232E8,"TotalTime":0.0779387,"NumberOfStates":134},{"Symptom":"livelock","Scenario":" init initialize invoke.980 request.744 invoke.744 request.245 invoke.245 invoke.302 request.744 invoke.744 request.245 invoke.245 invoke.350 request.744 invoke.744 request.245 invoke.245 invoke.879 request.125 invoke.125 request.245 invoke.245","LoopIndex":-1,"MemoryUsage":1.1738456E8,"TotalTime":0.4401547,"NumberOfStates":654},{"Symptom":"livelock","Scenario":" init initialize invoke.980 request.744 invoke.744 request.245 invoke.245 invoke.302 request.744 invoke.744 request.245 invoke.245 invoke.350 request.744 invoke.744 request.245 invoke.245 invoke.879 request.125 invoke.125 request.245 invoke.245","LoopIndex":-1,"MemoryUsage":4.9081984E7,"TotalTime":0.0228945,"NumberOfStates":654},{"Symptom":"livelock","Scenario":" init initialize invoke.980 request.744 invoke.744 request.245 invoke.245 invoke.302 request.744 invoke.744 request.245 invoke.245 invoke.350 request.744 invoke.744 request.245 invoke.245 invoke.879 request.125 invoke.125 request.245 invoke.245","LoopIndex":-1,"MemoryUsage":1.04624456E8,"TotalTime":0.4199717,"NumberOfStates":135},{"Symptom":"livelock","Scenario":" init initialize invoke.980 request.744 invoke.744 request.245 invoke.245 invoke.302 request.744 invoke.744 request.245 invoke.245 invoke.350 request.744 invoke.744 request.245 invoke.245 invoke.879 request.125 invoke.125 request.245 invoke.245","LoopIndex":-1,"MemoryUsage":1.0079356E8,"TotalTime":0.5592519,"NumberOfStates":135},{"Symptom":"normal","LoopIndex":-1,"MemoryUsage":2.678662E8,"TotalTime":0.7863,"NumberOfStates":8326},{"Symptom":"normal","LoopIndex":-1,"MemoryUsage":2.02179072E8,"TotalTime":0.4341375,"NumberOfStates":6460},{"Symptom":"livelock","Scenario":" init initialize invoke.980 request.744 invoke.744 request.245 invoke.245 invoke.302 request.744 invoke.744 request.245 invoke.245 invoke.350 request.744 invoke.744 request.245 invoke.245 invoke.879 request.125 invoke.125 request.245 invoke.245","LoopIndex":-1,"MemoryUsage":1.16055384E8,"TotalTime":0.6393891,"NumberOfStates":75},{"Symptom":"livelock","Scenario":" init initialize invoke.980 request.744 invoke.744 request.245 invoke.245 invoke.302 request.744 invoke.744 request.245 invoke.245 invoke.350 request.744 invoke.744 request.245 invoke.245 invoke.879 request.744 invoke.744 request.245 invoke.245","LoopIndex":-1,"MemoryUsage":3.516129E7,"TotalTime":0.0046366,"NumberOfStates":75},{"Symptom":"livelock","Scenario":" init initialize invoke.980 request.744 invoke.744 request.245 invoke.245 invoke.302 request.744 invoke.744 request.245 invoke.245 invoke.350 request.744 invoke.744 request.245 invoke.245 invoke.879 request.125 invoke.125 request.245 invoke.245","LoopIndex":-1,"MemoryUsage":1.27923744E8,"TotalTime":0.211308,"NumberOfStates":105},{"Symptom":"livelock","Scenario":" init initialize invoke.980 request.744 invoke.744 request.245 invoke.245 invoke.302 request.744 invoke.744 request.245 invoke.245 invoke.350 request.744 invoke.744 request.245 invoke.245 invoke.879 request.125 invoke.125 request.245 invoke.245","LoopIndex":-1,"MemoryUsage":1.00069728E8,"TotalTime":0.0365387,"NumberOfStates":76},{"Symptom":"livelock","Scenario":" init initialize invoke.980 request.744 invoke.744 request.245 invoke.245 invoke.302 request.744 invoke.744 request.245 invoke.245 invoke.350 request.744 invoke.744 request.245 invoke.245 invoke.879 request.125 invoke.125 request.245 invoke.245","LoopIndex":-1,"MemoryUsage":1.3569744E8,"TotalTime":1.0048742,"NumberOfStates":76},{"Symptom":"livelock","Scenario":" init initialize invoke.980 request.744 invoke.744 request.245 invoke.245 invoke.302 request.744 invoke.744 request.245 invoke.245 invoke.350 request.744 invoke.744 request.245 invoke.245 invoke.879 request.125 invoke.125 request.245 invoke.245","LoopIndex":-1,"MemoryUsage":3.3834824E7,"TotalTime":0.021153,"NumberOfStates":106},{"Symptom":"livelock","Scenario":" init initialize invoke.980 request.744 invoke.744 request.245 invoke.245 invoke.302 request.744 invoke.744 request.245 invoke.245 invoke.350 request.744 invoke.744 request.245 invoke.245 invoke.879 request.125 invoke.125 request.245 invoke.245","LoopIndex":-1,"MemoryUsage":1.005634E8,"TotalTime":0.9046549,"NumberOfStates":106},{"Symptom":"livelock","Scenario":" init initialize invoke.980 request.744 invoke.744 request.245 invoke.245 invoke.302 request.744 invoke.744 request.245 invoke.245 invoke.350 request.744 invoke.744 request.245 invoke.245 invoke.879 request.125 invoke.125 request.245 invoke.245","LoopIndex":-1,"MemoryUsage":3297736.0,"TotalTime":0.4044277,"NumberOfStates":106},{"Symptom":"livelock","Scenario":" init initialize invoke.980 request.744 invoke.744 request.245 invoke.245 invoke.302 request.744 invoke.744 request.245 invoke.245 invoke.350 request.744 invoke.744 request.245 invoke.245 invoke.879 request.125 invoke.125 request.245 invoke.245","LoopIndex":-1,"MemoryUsage":3.382555E7,"TotalTime":0.0037693,"NumberOfStates":102},{"Symptom":"livelock","Scenario":" init initialize invoke.980 request.744 invoke.744 request.245 invoke.245 invoke.302 request.744 invoke.744 request.245 invoke.245 invoke.350 request.744 invoke.744 request.245 invoke.245 invoke.879 request.125 invoke.125 request.245 invoke.245","LoopIndex":-1,"MemoryUsage":-2128728.0,"TotalTime":0.3992117,"NumberOfStates":102},{"Symptom":"livelock","Scenario":" init initialize invoke.980 request.744 invoke.744 request.245 invoke.245 invoke.302 request.744 invoke.744 request.245 invoke.245 invoke.350 request.744 invoke.744 request.245 invoke.245 invoke.879 request.125 invoke.125 request.245 invoke.245","LoopIndex":-1,"MemoryUsage":3.1645416E7,"TotalTime":0.0946642,"NumberOfStates":106},{"Symptom":"livelock","Scenario":" init initialize invoke.980 request.744 invoke.744 request.245 invoke.245 invoke.302 request.744 invoke.744 request.245 invoke.245 invoke.350 request.744 invoke.744 request.245 invoke.245 invoke.879 request.125 invoke.125 request.245 invoke.245","LoopIndex":-1,"MemoryUsage":-8767544.0,"TotalTime":0.3044098,"NumberOfStates":106},{"Symptom":"livelock","Scenario":" init initialize invoke.980 request.744 invoke.744 request.245 invoke.245 invoke.302 request.744 invoke.744 request.245 invoke.245 invoke.350 request.744 invoke.744 request.245 invoke.245 invoke.879 request.125 invoke.125 request.245 invoke.245","LoopIndex":-1,"MemoryUsage":1.3896256E8,"TotalTime":0.3787469,"NumberOfStates":105},{"Symptom":"livelock","Scenario":" init initialize invoke.980 request.744 invoke.744 request.245 invoke.245 invoke.302 request.744 invoke.744 request.245 invoke.245 invoke.350 request.744 invoke.744 request.245 invoke.245 invoke.879 request.125 invoke.125 request.245 invoke.245","LoopIndex":-1,"MemoryUsage":8.0417464E7,"TotalTime":0.3768906,"NumberOfStates":106}]
6358
